grade,gpa,chronicly_absent,days_absent,act_taken,read_scale,writing_scale,math_scale,female,white,special_ed,plan_504,free_and_reduced,gifted
10,3.054,1,30.01,0,530,480,502,1,1,1,0,0,0
11,3.357,0,11.63,1,603,691,656,1,1,0,0,0,0
10,2.801,0,9.43,0,567,578,552,1,1,0,0,0,0
9,3.614,0,3.98,0,557,553,552,0,1,1,0,0,0
11,2.939,0,0.77,1,549,576,578,0,0,0,0,1,0
11,3.545,0,1.25,1,593,576,656,0,1,0,0,0,0
11,1.959,0,15.45,0,549,518,536,0,1,1,0,1,0
11,2.778,0,2.08,0,517,525,519,0,1,1,0,0,0
11,3.793,0,2.05,1,800,648,765,1,1,0,0,0,0
11,3.688,0,9.58,1,662,648,800,0,1,0,0,0,0
10,3.854,0,7.19,1,621,648,676,1,1,0,0,1,1
11,3.555,0,0.31,1,603,612,610,0,1,0,1,0,0
11,2.379,0,4.52,1,549,583,590,0,1,0,0,0,0
11,3.698,1,18.24,1,593,633,708,1,1,0,0,0,0
11,2.948,0,0.12,1,636,669,675,0,1,0,0,0,0
11,3.107,0,2.84,1,603,597,632,0,1,0,0,0,0
11,3.7,0,8.76,1,677,662,648,1,1,0,0,0,0
10,2.708,0,1.9,0,567,508,544,0,1,0,0,0,0
11,2.304,0,8.19,0,549,576,603,0,1,0,0,0,0
11,2.896,0,7.77,1,575,605,610,1,1,0,0,0,0
11,2.847,0,4.13,1,636,619,656,0,1,0,0,0,0
11,2.655,0,8.19,1,614,590,632,0,1,0,0,0,0
11,2.817,0,2.17,1,566,597,590,1,1,0,0,0,0
11,3.733,0,2.15,1,614,605,690,1,1,0,0,0,0
11,2.488,0,16.41,0,614,561,617,0,1,0,1,0,0
10,3.299,0,7.92,0,647,501,615,0,1,0,1,0,0
10,2.235,0,13.79,0,567,578,482,1,1,1,0,1,0
11,3.214,0,0.64,1,603,597,578,1,1,0,0,0,0
11,3.04,0,0.48,1,558,597,578,0,1,0,0,0,0
10,2.463,0,6.79,0,530,522,537,0,1,0,0,0,0
11,3.458,0,5.33,1,603,633,665,1,1,0,1,0,0
11,3.841,0,7.45,1,648,626,625,1,1,0,0,0,0
11,3.663,0,4.47,1,558,605,656,1,1,0,0,0,0
11,3.048,0,3.74,1,624,619,536,1,1,1,0,0,0
11,2.47,0,7.05,0,510,569,554,0,1,0,0,0,0
11,3.439,0,5.93,1,593,619,625,1,1,0,0,0,0
11,2.309,0,10.93,0,558,533,578,0,1,0,0,1,0
11,3.227,0,1.01,1,662,619,665,0,1,0,0,0,0
11,3.3,0,0.17,1,584,633,690,0,1,0,0,0,0
11,2.797,0,3.89,1,603,540,648,0,1,0,0,0,0
11,2.902,1,19.56,1,614,605,610,1,1,0,0,1,0
11,2.13,1,22.46,0,525,504,508,1,1,0,0,0,0
11,2.433,1,18.54,0,636,641,640,0,1,0,0,1,0
11,3.42,0,0.89,1,636,662,720,0,0,0,0,0,0
11,3.864,0,5.4,1,662,669,648,1,1,0,0,0,0
11,2.682,0,5.24,1,603,619,648,0,1,0,0,0,0
11,2.964,0,2.07,1,624,626,617,0,1,0,0,0,0
11,2.478,0,12.82,1,624,576,554,1,1,0,0,0,0
11,3.213,0,6.29,1,636,633,665,0,1,0,0,0,0
11,3.386,0,1.38,1,677,677,617,0,1,0,0,0,0
11,2.785,0,4.4,0,705,662,665,1,1,0,0,0,0
11,2.961,0,6.14,1,584,626,675,1,1,0,0,0,0
11,3.783,0,13.26,1,705,655,690,1,1,0,0,0,0
11,3.811,0,3.2,1,662,677,690,0,1,0,0,0,0
11,3.896,0,3.67,1,648,700,665,1,1,0,0,0,0
11,3.526,0,1.76,1,636,583,656,1,1,0,0,0,0
10,3.957,0,0,1,598,620,654,0,1,0,0,0,0
11,2.683,0,0.89,0,603,619,617,1,1,0,0,0,0
11,3.531,0,6.58,1,624,597,656,0,1,0,0,0,0
11,2.504,0,7.82,1,549,525,571,1,1,0,0,0,0
11,3.036,0,6.23,1,549,597,548,1,1,0,0,0,0
11,3.902,0,2.67,1,662,700,690,1,1,0,0,0,0
11,3.081,0,2.32,0,566,612,597,1,1,0,0,0,0
11,3.016,0,1.34,0,584,540,590,0,1,0,0,0,0
11,2.382,0,1.13,1,648,677,632,0,1,0,0,0,0
11,3.956,0,3.27,1,745,700,740,1,0,0,0,0,0
11,3.572,0,3.9,1,648,641,640,1,1,0,0,0,0
11,2.802,0,7.82,1,603,612,603,0,1,0,0,0,0
11,3.436,1,19.24,1,677,648,675,1,1,0,1,0,0
11,2.522,0,11.97,1,510,533,571,0,1,0,0,0,0
11,3.905,0,0.13,1,603,662,640,0,1,0,0,0,0
11,3.799,0,9.05,1,648,641,640,1,1,0,0,0,0
11,3.987,0,1.4,1,677,677,665,1,1,0,0,0,0
11,3.083,0,3.56,1,677,648,800,0,1,0,0,0,0
11,2.921,0,2.89,1,677,619,740,0,1,0,0,0,0
11,3.158,0,5.98,1,614,619,648,0,1,0,0,0,0
11,4,0,0,1,745,740,740,1,1,0,0,0,1
11,2.725,0,4.13,1,624,554,554,0,1,0,0,0,0
11,3.467,0,5.19,1,603,633,597,1,1,0,0,0,0
11,3.853,0,2.79,1,662,648,708,1,1,0,0,0,0
11,3.513,0,0.91,1,662,648,708,0,1,0,0,0,0
11,3.083,0,11.26,0,584,583,565,1,1,0,1,0,0
11,2.935,0,2.71,1,636,691,740,0,1,0,0,0,0
11,3.932,0,14.38,1,705,740,800,1,0,0,0,0,0
11,2.129,0,0,0,549,496,565,0,1,0,1,0,0
11,2.763,1,23.63,0,603,597,584,1,1,0,0,0,0
11,2.984,0,4.89,1,648,626,690,0,1,0,0,0,0
11,3.033,0,6.28,1,495,489,531,0,1,0,0,0,0
11,3.536,0,8.54,1,614,641,690,0,1,0,0,0,1
11,3.079,0,5.02,1,636,626,720,0,1,0,0,0,0
11,3.754,0,5.14,1,648,648,665,1,0,0,0,1,0
11,2.204,0,15.2,0,603,583,617,1,1,0,0,0,0
11,2.936,0,5.53,1,636,597,610,0,1,0,0,0,0
11,2.611,0,6.41,1,558,547,625,0,1,0,0,0,0
11,3.767,0,13.77,1,662,684,640,1,1,0,0,0,0
10,3.448,0,3.32,0,587,634,688,0,1,0,0,0,0
9,3.719,0,3.1,0,635,617,650,1,0,0,0,0,0
11,3.168,0,13.42,1,558,561,603,1,1,0,0,0,0
9,2.877,0,10.22,0,579,585,578,1,1,0,0,0,0
9,2.825,0,0.31,0,592,625,677,1,0,0,0,0,0
11,2.834,0,7.63,1,624,583,625,0,1,0,0,0,0
11,3.278,0,2.31,1,593,633,617,0,1,0,0,0,0
11,2.902,0,4.95,0,648,626,610,0,1,0,0,0,0
11,3.482,0,5.65,1,636,648,640,1,1,0,0,0,0
11,3.476,0,14.25,1,648,619,720,1,1,0,0,0,0
11,3.387,0,12.24,1,705,648,648,1,1,0,0,0,0
11,3.953,0,3.05,1,624,684,720,1,1,0,0,0,0
11,2.945,0,4.99,1,593,626,610,1,1,0,0,0,0
11,3.622,0,2.5,1,593,626,690,0,1,0,0,0,0
11,3.208,0,4.03,1,624,569,610,1,1,0,0,0,0
11,3.302,0,10.24,1,636,612,590,1,1,0,0,0,0
11,3.293,0,2.15,1,648,626,617,0,1,0,0,0,0
11,3.33,0,10.13,1,662,626,675,0,1,0,0,0,0
11,3.715,0,1.44,1,636,684,648,1,1,0,0,0,0
11,3.46,0,6.72,1,705,655,675,0,1,0,0,0,0
11,3.75,0,0.89,1,636,669,708,0,1,0,0,0,0
11,3.366,0,3.03,1,636,648,720,0,1,0,0,0,0
11,2.715,0,1.9,1,558,605,625,0,1,0,0,0,0
11,3.397,0,1.33,1,603,597,656,0,1,0,0,0,0
11,3.81,0,4.2,1,603,655,740,1,1,0,0,0,0
11,3.754,0,5.35,1,614,725,740,1,1,0,0,0,0
11,4,0,0.41,1,705,662,675,1,1,0,0,0,0
11,3.142,0,14.78,1,677,662,648,1,1,0,0,0,0
11,3.952,0,0,1,677,691,740,1,1,0,0,0,0
11,2.917,0,7.41,0,624,583,665,0,1,0,1,0,0
11,3.782,1,20.66,1,648,684,708,1,1,0,0,0,1
11,3.561,0,16.08,0,662,633,675,0,1,0,0,0,0
11,3.489,0,7.38,1,636,669,720,0,1,0,0,0,1
11,3.724,0,7.66,1,677,626,640,1,1,0,1,0,0
11,3.884,0,0.41,1,662,669,740,0,1,0,0,0,0
11,3.703,0,13.23,1,705,677,740,1,1,0,0,0,0
11,3.123,0,3.43,1,624,569,720,0,1,0,0,0,0
11,3.496,0,10.84,1,636,619,648,1,1,0,0,0,0
11,3.356,0,9.17,1,636,669,675,1,1,0,0,0,0
11,3.747,0,3.6,1,662,641,690,1,1,0,0,0,0
11,3.933,0,9.84,1,636,669,720,1,1,0,0,0,1
11,3.209,0,4.16,1,614,590,610,0,1,0,0,0,0
11,3.425,0,0.12,1,614,626,648,0,1,0,0,0,0
11,3.514,0,9.97,1,603,612,665,0,1,0,0,0,0
11,3.356,0,1.28,1,614,626,610,0,1,0,0,0,0
11,3.423,0,1.22,1,614,626,690,0,1,0,0,0,0
11,3.658,0,0.89,1,624,612,656,0,1,0,0,0,0
11,3.993,0,2.25,1,575,612,690,1,1,0,0,0,0
11,3.334,0,6.65,1,662,669,740,0,1,0,0,0,0
11,2.933,1,35.87,0,614,648,617,1,1,0,0,0,0
10,3.204,0,3.08,1,661,592,582,0,1,0,1,0,0
9,4,0,2.47,0,660,633,596,1,1,0,0,0,0
9,2.009,0,2.4,0,537,577,552,0,1,0,0,0,0
11,3.26,0,3.66,1,648,641,665,1,1,0,0,0,0
9,2.973,0,2.06,0,568,593,569,0,1,0,1,0,0
9,3.561,0,3.35,0,635,601,650,1,1,0,0,1,0
9,3.772,0,4.19,0,568,569,578,1,1,0,0,0,0
9,3.877,0,3.99,0,592,593,596,1,1,0,0,0,0
10,3.481,0,10.21,0,633,648,607,1,1,0,0,0,0
9,3.53,1,48.07,0,579,561,626,0,1,0,0,0,0
9,2.254,0,3.62,0,509,513,569,0,1,1,0,0,0
10,3.912,0,1.01,1,678,692,676,1,1,0,0,0,1
9,3.562,0,1.48,0,491,553,536,1,0,0,0,1,0
9,3.394,0,4.69,0,619,561,552,1,1,0,0,0,0
9,3.632,0,5.12,0,592,593,587,1,1,0,0,0,0
9,3.929,0,2.56,0,605,569,596,1,1,0,0,0,0
11,2.522,0,7.43,0,584,583,536,0,1,0,0,0,0
9,3.947,0,4.52,0,592,641,650,1,1,0,0,0,0
10,2.705,0,13.89,0,496,522,559,1,1,1,0,1,0
11,2.403,0,10.45,0,558,554,525,1,1,1,0,1,0
9,3.061,0,4.49,0,547,577,596,0,1,0,0,0,0
11,2.614,0,7.03,0,533,569,548,1,1,0,1,0,0
9,3.596,0,1.54,0,509,561,616,1,1,0,0,0,0
10,3.523,0,4.45,0,577,599,516,1,0,0,0,0,0
9,3.737,0,2.64,0,635,601,638,1,1,0,0,0,0
9,4,0,1.68,0,660,601,616,1,1,0,0,0,0
10,3.745,0,5.99,0,621,648,552,1,1,0,0,0,0
9,3.772,0,9.12,0,592,561,596,1,1,0,0,0,0
10,3.15,0,2.73,1,539,627,559,1,0,0,0,0,0
11,3.523,0,5.26,1,677,662,740,1,1,0,0,0,0
10,2.944,0,5.94,1,633,599,615,0,1,0,0,0,0
10,2.737,0,7.31,0,598,592,607,0,1,0,0,0,0
11,3.809,0,5.28,1,705,712,765,0,1,0,0,0,1
10,2.821,0,0.74,0,609,529,664,0,1,0,0,0,0
10,3.487,0,8.43,0,633,592,607,1,1,0,0,0,0
11,3.211,0,4.06,1,624,590,665,1,1,0,0,0,0
9,3.615,0,2.23,0,579,569,638,1,1,0,0,0,0
11,2.95,0,10.47,1,705,725,708,1,1,0,0,0,0
11,2.825,0,16.18,1,614,633,675,0,0,0,0,0,0
10,2.961,0,6.92,0,567,627,582,1,1,0,0,0,0
11,3.314,0,10.29,1,624,669,690,0,1,0,0,0,0
9,3.176,0,14.14,0,592,529,606,0,1,0,0,0,0
11,3.789,0,0.98,1,745,691,720,0,0,0,0,0,1
11,2.814,0,9.5,0,517,576,625,0,1,0,0,0,0
10,3.689,0,2.7,0,661,648,624,1,1,0,0,0,0
10,2.616,0,10.71,0,567,529,544,0,1,1,0,0,0
10,2.897,0,6.58,0,548,571,502,1,1,1,0,0,0
10,3.743,0,0.53,0,587,592,607,0,1,0,0,0,0
10,2.933,0,5.58,1,530,585,552,1,1,0,0,0,0
10,3.245,0,0.71,0,577,578,615,0,1,0,0,0,0
10,1.757,0,10.53,0,567,522,574,0,1,0,0,0,0
10,2.932,0,0,0,488,452,496,1,1,1,0,0,0
10,2.355,0,2.72,0,505,536,582,0,1,0,0,0,0
10,2.473,0,17.27,0,567,529,537,0,1,0,0,1,0
10,3.839,0,1.33,0,609,634,624,1,0,0,0,0,0
10,2.968,0,5.86,0,557,571,567,1,0,0,0,1,0
10,1.97,0,10.82,0,505,515,516,0,1,0,0,1,0
10,3.573,0,2.23,0,539,613,634,1,1,0,0,0,0
10,3.43,0,8.42,0,621,592,582,1,1,0,0,0,0
10,3.307,0,5.62,0,609,620,590,0,1,0,0,0,0
11,3.861,0,6.28,1,648,669,765,1,1,0,0,0,1
10,4,0,4.4,1,678,599,702,1,0,0,0,0,0
9,3.983,0,4.89,0,547,569,650,1,1,0,0,0,0
11,3.522,0,6.22,1,603,576,665,1,1,0,0,0,0
11,2.433,0,11.24,1,575,583,554,0,1,0,0,0,0
11,3.884,0,0.98,1,677,691,800,0,1,0,0,0,1
10,3.516,0,10.57,0,678,648,717,1,1,0,0,0,0
11,3.423,0,3.15,1,541,590,610,1,1,0,0,0,0
11,2.38,0,2.44,1,614,525,590,0,1,0,0,0,0
10,3.689,0,0.3,1,621,641,615,0,1,0,0,0,0
11,3.151,0,1.76,1,662,669,708,0,1,0,1,1,0
10,2.512,0,2.37,0,557,550,590,0,1,0,0,0,0
11,2.851,0,10.36,1,575,583,554,1,1,0,0,0,0
11,3.498,0,11.9,1,593,626,610,1,1,0,0,0,0
11,2.733,0,16.55,0,603,605,720,0,1,0,0,0,0
11,2.575,0,3.2,0,533,496,519,0,1,1,0,0,0
11,2.294,0,7.56,0,549,561,565,0,1,0,0,0,0
11,2.565,1,54.94,0,636,605,603,1,1,0,0,0,0
11,3.044,1,30.22,0,584,605,625,1,1,0,0,1,0
10,3.81,0,17.46,0,730,634,752,0,1,0,0,0,0
10,3.593,0,5.13,0,700,655,607,1,1,0,0,0,0
11,4,0,3.33,1,677,669,740,0,1,0,0,0,0
10,2.925,0,3.11,0,539,543,502,0,1,0,0,0,0
10,1.93,1,21.85,0,567,536,552,0,1,1,0,1,0
9,2.625,0,12.81,0,537,569,569,0,1,0,0,1,0
9,3.967,0,5.1,0,635,609,616,1,1,0,0,0,0
9,2.176,0,8.71,0,518,569,561,0,1,0,1,0,0
9,3.682,0,0.29,0,635,577,693,0,1,0,0,0,1
9,3.736,0,7.58,0,547,545,626,1,1,0,0,0,0
9,2.772,0,0.54,0,568,545,578,0,1,0,0,0,0
10,2.216,0,8.03,0,539,508,537,1,1,0,0,0,0
9,3.5,0,2.61,0,592,641,606,0,1,0,0,0,0
11,3.971,0,0.32,1,677,677,765,0,1,0,0,0,0
10,3.233,0,10.57,0,587,655,717,1,1,0,0,0,1
10,3.365,0,4.53,1,661,571,644,1,1,0,0,0,0
10,3.941,0,0.5,0,730,670,664,0,0,0,0,0,0
10,3.823,0,0,1,609,655,624,0,0,0,0,0,0
9,3.5,0,0.24,0,537,545,626,0,0,0,0,0,0
10,3.808,0,0.2,1,730,606,644,0,1,0,0,0,0
10,2.305,0,3.67,0,598,557,582,0,1,0,0,0,0
10,3.365,0,9.27,0,700,627,615,1,1,0,0,0,0
10,3.792,0,3.11,1,647,706,702,1,0,0,0,0,1
10,3.355,0,0,0,609,592,590,0,1,0,0,0,0
10,3.614,0,0,1,567,606,654,1,1,0,0,0,0
10,3.361,0,5.33,1,598,655,598,1,1,0,0,0,1
10,1.896,0,3.15,0,539,529,567,0,1,0,0,0,0
10,3.982,0,2.07,0,678,641,735,0,1,0,0,0,1
10,1.667,0,10.56,0,472,494,476,0,1,0,1,0,0
10,4,0,4.25,1,661,740,688,1,0,0,0,0,0
10,3.4,0,7.17,0,609,613,598,1,1,0,0,0,0
10,3.839,0,2.91,0,577,592,615,1,1,0,0,0,0
10,3.963,0,1.06,1,633,655,664,1,1,0,0,0,0
10,3.667,0,6.67,1,678,613,717,0,1,0,0,0,1
10,3.172,0,2.98,0,577,634,624,0,1,0,0,0,0
10,3.506,0,3.42,0,557,585,590,1,1,0,0,0,0
10,3.672,0,15.79,1,647,606,688,1,1,0,0,0,0
10,3.058,0,1.97,0,633,564,624,0,1,0,0,0,0
10,3.978,0,1.47,1,598,627,702,1,1,0,0,0,0
10,3.767,0,11.57,1,609,606,717,0,1,0,0,0,0
10,3.889,0,2.02,0,700,706,717,0,1,0,0,0,0
10,3.823,0,0.48,0,621,634,582,1,1,0,0,0,0
10,3.269,0,4.19,0,577,578,590,0,1,0,0,0,0
10,3.956,0,5.52,1,661,655,664,1,1,0,0,0,0
10,4,0,3.06,1,609,466,654,0,1,0,0,0,0
10,3.807,1,19.98,1,678,740,644,1,1,0,0,0,0
10,3.251,0,1.51,1,513,592,574,0,1,0,0,0,0
10,3.856,0,2.18,1,621,722,688,1,1,0,0,0,0
10,3.971,0,5.59,1,678,648,735,0,1,0,0,0,1
10,3.067,0,1.2,0,548,543,544,1,1,0,0,0,0
11,3.524,0,2.11,1,745,700,690,1,1,0,0,0,1
10,3.932,0,0.37,0,598,578,688,0,1,0,0,0,0
10,3.895,0,0.17,1,609,627,654,0,1,0,0,0,0
10,3.71,0,0.56,1,598,599,607,1,1,0,0,0,0
10,3.852,0,6.64,1,621,722,676,0,1,0,0,0,0
10,4,0,12.31,1,678,722,735,1,1,0,0,0,1
10,3.745,0,1.39,1,647,680,664,1,1,0,0,0,0
10,3.981,0,2.01,1,633,655,624,1,1,0,0,0,0
10,3.67,0,3.08,1,647,641,644,0,1,0,0,0,0
10,3.946,0,4.26,0,609,613,598,1,1,0,0,1,0
10,3.005,0,0.48,0,539,557,559,0,1,0,0,0,0
10,3.81,0,5.86,1,633,641,688,0,1,0,0,0,0
10,3.49,0,6.28,0,539,627,516,1,1,0,0,0,0
10,3.695,0,3.1,0,661,634,676,0,1,0,0,0,0
10,3.273,0,2.11,0,598,670,644,0,1,0,0,0,0
10,2.914,0,2.92,1,557,585,644,0,1,0,0,0,0
10,2.984,0,8.5,0,513,480,574,0,1,0,0,0,0
10,3.818,0,6.96,0,678,680,664,0,1,0,0,0,0
10,3.517,0,1.9,1,621,613,688,0,1,0,0,0,0
10,4,0,0,1,678,680,735,1,1,0,0,0,1
10,4,0,1.44,1,633,648,752,1,1,0,0,0,0
10,3.716,0,12.6,0,598,641,688,1,1,0,0,0,1
10,3.205,0,2.15,0,557,627,598,0,1,0,0,0,0
10,2.559,0,2.36,0,522,480,559,0,1,0,1,0,0
10,3.623,0,5.8,1,609,634,607,1,1,0,0,0,0
10,3.613,0,6.71,1,647,613,654,0,1,0,0,0,0
10,3.582,0,6.1,0,730,613,702,1,1,0,0,0,1
10,3.141,0,0.33,0,567,550,537,0,1,0,0,0,0
10,2.968,0,6.68,0,522,592,523,1,1,0,0,0,0
10,3.424,0,11.13,0,647,627,598,0,1,0,0,0,0
10,3.339,0,17.25,0,598,606,567,0,1,0,0,0,0
10,3.964,0,0.41,1,621,648,688,1,1,0,0,0,0
10,3.731,0,6.18,1,647,634,664,0,1,0,0,0,0
10,2.897,0,5.13,0,678,634,582,0,1,0,0,0,0
10,2.887,0,2.69,1,548,585,559,1,1,0,0,0,0
10,3.979,0,0.64,1,647,670,664,0,1,0,0,0,0
10,3.849,0,6.28,0,633,648,664,1,1,0,0,0,0
10,3.564,0,5.88,0,598,613,607,1,1,0,0,0,1
10,3.232,0,10.35,1,598,620,607,1,1,0,0,0,0
10,3.534,0,0,1,609,613,688,0,1,0,0,0,0
10,2.703,0,11.92,0,539,543,552,1,1,0,1,0,0
10,3.732,0,3.81,0,647,620,735,0,1,0,0,0,0
10,4,0,9.12,1,700,655,735,0,1,0,0,0,1
10,3.38,0,10.79,1,587,634,654,1,1,0,0,0,0
10,3.624,0,3.9,0,621,620,676,0,1,0,0,0,0
10,2.372,0,8.17,0,513,564,509,0,1,0,0,0,0
10,3.155,0,8.05,0,577,620,615,1,1,0,0,0,0
10,3.921,0,9.26,1,647,620,688,0,1,0,0,0,1
10,3.661,0,11.05,0,661,585,567,0,1,0,0,0,0
10,3.431,0,11.29,0,647,662,664,1,0,0,0,0,1
10,3.813,0,2.47,0,678,655,590,1,1,0,0,0,0
10,3.775,0,0.88,1,598,592,688,0,1,0,0,0,1
11,4,0,2.66,1,705,691,800,1,1,0,0,0,0
10,3.856,0,6.61,0,780,634,688,0,1,0,0,0,0
11,2.961,0,2.3,0,614,569,648,0,1,0,0,0,0
9,3.878,0,0,0,592,577,596,1,1,0,0,0,1
9,3.913,0,14.15,0,579,601,606,1,1,0,0,0,0
10,2.565,0,6.71,0,609,543,664,0,1,0,1,1,0
10,3.333,0,0.89,0,647,627,590,0,0,0,0,0,0
10,2.554,0,5.94,0,577,592,634,0,0,0,0,0,0
10,2.531,0,1.27,0,557,585,516,0,1,1,0,0,0
10,2.223,0,3.8,0,598,571,567,0,1,0,0,0,0
11,2.508,0,17.03,0,648,648,559,1,0,0,0,1,0
10,3.792,0,1.88,1,633,680,676,0,1,0,0,0,1
10,3.63,0,11.15,0,539,599,598,1,1,0,0,0,1
10,3.766,0,9.74,0,621,613,634,1,1,0,0,0,0
10,4,0,0.12,0,621,634,654,1,0,0,0,1,0
9,2.466,0,10.7,0,557,657,552,1,1,0,0,0,0
10,3.621,0,4.33,0,598,641,590,1,1,0,0,0,0
9,3.492,0,6.45,0,547,617,596,0,1,0,0,0,0
11,3.951,0,1.79,1,648,669,690,1,0,0,0,0,0
9,3.965,0,4.9,0,635,625,711,0,0,0,0,0,0
9,3.422,0,3.81,0,579,537,626,1,1,0,0,0,0
9,3.385,0,8.58,0,557,601,626,1,1,0,0,0,0
9,4,0,1.13,0,750,657,677,0,1,0,0,0,1
10,2.7,0,5.08,0,577,585,537,0,1,0,0,1,0
9,3.843,0,1.87,0,605,649,650,0,0,0,0,0,1
9,4,0,0.73,0,660,585,638,0,1,0,0,0,0
9,3.913,0,0.02,0,579,553,596,0,1,0,0,0,0
9,3.955,0,4.22,0,660,601,693,0,0,0,0,0,1
10,3.355,0,9.87,0,700,620,688,1,1,0,0,0,1
9,3.316,0,5.84,0,695,641,650,0,1,0,1,0,0
11,4,0,1.67,1,705,700,800,0,0,0,0,0,0
10,3.225,0,3.23,1,587,585,567,1,1,0,0,0,0
11,3.912,0,0.89,1,662,669,708,1,0,0,0,0,0
11,3.955,0,1.01,1,566,662,708,1,0,0,0,0,0
10,3.08,0,1.72,1,678,620,634,0,1,0,0,0,0
9,3.894,0,3.03,0,619,609,736,0,0,0,0,0,0
9,3.896,0,1.35,0,592,553,616,1,1,0,0,0,0
9,3.404,0,10.33,0,605,617,650,0,1,0,0,0,0
11,3.603,0,1.6,1,636,655,800,0,1,0,0,0,1
9,3.114,0,5.58,0,500,537,462,1,1,0,0,0,0
9,2.122,0,13.59,0,547,577,544,0,1,0,0,0,0
9,3.587,0,2.83,0,592,497,561,0,1,1,0,0,0
9,2.317,0,14.34,0,568,625,521,1,0,0,0,0,0
9,3.008,0,1.88,0,605,569,587,0,1,0,0,0,0
9,3.772,0,3.55,0,579,617,650,1,1,0,0,0,0
9,3.176,0,1.96,0,518,561,578,0,1,0,0,0,0
9,2.963,1,19.32,0,500,577,544,1,1,0,0,0,0
9,1.917,1,41.89,0,527,521,498,1,1,0,0,1,0
9,3.359,0,15.15,0,592,625,616,1,1,0,0,0,0
9,2.448,0,10.05,0,500,553,544,1,1,0,0,0,0
9,3.755,0,5.96,0,579,593,606,1,1,0,0,0,0
9,3.228,0,4.13,0,568,577,606,0,1,0,0,0,0
9,3.088,0,2.41,0,605,609,569,0,1,0,0,0,0
9,3.719,0,7.38,0,619,609,638,0,1,0,0,0,0
9,3.817,0,5.56,0,568,625,638,0,1,0,0,0,0
9,3.667,0,1.64,0,605,553,569,1,1,0,0,0,0
9,2.166,0,2.1,0,568,617,536,0,1,0,0,0,0
9,2.913,0,1.06,0,568,577,513,1,1,0,0,0,0
9,3.272,0,4.02,0,557,545,587,1,1,0,0,0,0
9,2.254,0,11.97,0,579,545,606,1,1,0,0,1,0
9,2.983,0,2.73,0,518,585,544,0,1,0,0,0,1
10,3.824,0,5.54,1,700,722,688,0,1,0,0,1,1
9,3.474,0,8.57,0,557,577,662,0,1,0,0,0,0
9,3.421,0,3.36,1,579,609,536,1,0,0,0,0,0
9,3.965,0,7.84,0,605,641,693,1,1,0,0,0,0
11,2.938,0,10.54,0,593,619,590,1,1,0,0,1,0
10,3.624,0,0.43,1,647,648,624,0,1,0,0,0,1
9,2.552,0,4.49,0,527,521,536,0,0,0,0,0,0
9,3.736,0,3.73,0,635,593,596,0,1,0,0,0,0
10,3.888,0,4.33,1,621,585,664,1,1,0,0,0,0
9,3.983,0,4.2,0,660,625,662,1,1,0,1,0,0
9,3.501,0,10.53,0,619,553,616,0,1,0,0,0,0
8,3.745,0,0.84,0,601,625,614,0,1,0,0,0,1
11,3.554,0,6.45,1,648,669,765,1,1,0,0,0,0
9,3.255,0,2.09,0,547,601,513,1,1,0,0,0,0
10,2.213,0,6.31,0,609,515,544,0,1,0,0,0,0
9,3.571,0,8.31,0,660,593,650,1,1,0,0,0,1
9,3.141,0,6.75,0,537,545,578,0,1,0,0,0,0
10,2.92,0,13.99,0,587,543,516,0,1,0,1,1,0
9,3.955,0,8.56,1,660,601,606,1,1,0,0,0,0
9,2.712,0,2.35,0,518,457,513,0,0,1,0,0,0
9,3.737,0,4.48,0,619,633,638,0,1,0,0,0,0
9,3.176,0,0.36,0,547,561,552,1,1,0,0,1,0
9,2.596,0,0.1,0,605,593,616,0,1,0,0,0,0
9,3.719,0,3.91,0,579,593,616,0,1,0,0,0,0
9,4,0,0.82,0,660,601,711,1,1,0,0,0,1
9,2.557,1,20.69,0,592,561,616,0,1,0,0,1,0
11,3.69,0,0,0,624,619,617,1,1,0,0,1,0
11,3.409,0,1.71,1,636,677,665,0,1,0,0,0,0
11,3.039,0,4.92,1,593,633,625,1,1,0,1,0,0
11,2.738,0,3.1,1,566,576,648,1,1,0,0,0,0
9,3.202,0,6.2,0,592,561,544,1,1,0,0,0,0
9,0.991,0,10.93,0,500,537,569,1,1,0,0,1,0
9,1.676,1,30.38,0,527,585,544,1,1,0,0,1,0
9,3.473,0,2.75,0,592,569,578,1,1,0,0,0,0
9,3.438,0,4.16,0,500,569,536,1,1,0,0,0,0
9,2.921,0,12.55,0,482,569,544,1,1,0,1,0,0
9,2.658,0,6.65,0,509,545,473,1,1,0,0,0,0
9,3.211,0,12.06,0,527,489,606,0,1,0,0,0,0
9,2.622,1,26.01,0,619,529,536,0,1,0,0,1,0
9,3.983,0,8.83,0,619,609,650,1,1,0,0,0,1
9,4,0,2.94,0,619,641,662,1,1,0,0,0,1
9,3.193,0,12.87,0,568,585,596,1,1,0,0,0,0
11,3.735,0,2.42,1,677,626,690,0,0,0,0,0,0
10,3.011,0,8.51,0,557,564,552,1,1,0,0,0,0
9,3.756,0,1.42,1,619,577,650,0,1,0,0,0,1
10,3.912,0,6.84,1,678,706,624,0,1,0,0,0,1
10,2.688,0,4.94,0,621,599,552,1,1,0,0,0,0
9,3.734,0,9.87,0,605,585,606,1,1,0,0,0,0
9,2.096,0,3.65,0,568,585,606,0,1,0,0,0,0
9,3.071,0,14.49,0,579,593,528,1,1,0,0,0,0
9,2.968,1,28.74,0,518,497,521,0,1,1,0,1,0
9,2.228,0,17.1,0,500,497,478,0,1,1,0,0,0
9,3.983,0,5.63,0,660,625,736,0,1,0,0,0,1
9,2.282,0,4.19,0,537,545,552,0,1,0,0,0,0
9,3.842,0,5.92,0,660,625,650,1,1,0,0,0,0
9,3.86,0,1.96,0,579,569,638,0,1,0,0,0,0
9,4,0,0.32,0,660,601,677,0,1,0,0,0,0
9,3.737,0,0.46,0,660,609,596,0,1,0,0,0,0
9,2.536,0,13.38,0,500,569,536,0,1,0,0,0,0
9,3.807,0,0.4,0,750,657,616,1,1,0,0,0,0
9,3.877,0,0.2,0,695,633,711,0,1,0,0,0,1
9,3.719,0,13.05,0,660,666,616,1,1,0,0,0,0
9,3.737,0,2.16,0,579,585,544,0,1,0,0,0,0
9,3.158,0,13.04,0,527,537,578,0,1,0,0,0,0
9,4,0,4.14,1,695,649,711,1,1,0,0,0,1
9,2.629,0,7.57,0,491,545,544,0,1,0,0,0,0
9,3.253,0,15.31,0,605,569,587,0,1,0,0,0,0
9,3.97,0,1.98,0,660,617,606,1,1,0,0,0,1
9,3.258,0,5.82,0,579,593,596,0,1,0,0,0,0
9,3.851,0,1.89,0,619,585,677,0,0,0,0,0,1
9,2.948,0,5.06,0,527,593,587,1,0,0,0,1,0
9,3.744,0,2.03,0,557,585,693,0,1,0,0,0,0
9,3.037,0,5.49,0,500,489,506,0,1,0,0,0,0
9,3.043,0,0.1,0,500,497,513,0,1,0,0,0,0
9,1.4,1,37.48,0,482,0,491,1,0,0,0,0,0
9,2.325,0,4.42,0,547,505,569,0,1,0,0,1,0
9,3.79,0,1.27,0,660,585,650,0,1,0,0,0,0
9,3.849,0,4.29,0,635,617,596,1,1,0,0,0,0
9,3.913,0,10.7,0,605,585,616,1,1,0,0,0,0
9,3.219,0,0,0,619,561,650,0,1,0,0,0,0
9,2.815,0,4.02,0,619,577,521,1,1,0,0,0,0
9,3.931,0,1.34,0,605,577,650,0,1,0,0,0,0
9,3.73,0,4.02,0,557,649,693,0,0,0,0,0,0
9,3.717,0,1.2,0,635,649,626,1,1,0,0,0,1
9,3.684,0,10.22,0,619,633,616,1,1,0,0,0,0
9,3.228,0,0.53,0,518,569,544,1,1,0,0,0,0
10,3.148,0,1.35,0,539,543,537,1,1,0,0,0,0
9,3.711,0,0.43,0,635,601,626,0,1,0,0,0,0
9,2.973,0,3.36,0,605,633,638,0,1,0,1,0,0
9,3.597,0,4.06,0,635,593,596,1,1,0,0,0,0
9,3.954,0,5.93,0,619,601,650,1,1,0,0,1,0
9,3.693,0,5.09,0,592,593,638,1,1,0,0,0,0
9,3.579,0,14.68,0,605,633,578,1,1,0,0,0,0
9,3.924,0,0.97,0,750,666,638,1,1,0,0,0,0
9,3.807,0,1.87,0,619,617,638,0,1,0,0,0,0
9,4,0,3.94,0,579,617,587,0,1,0,0,0,0
9,4,0,0.45,0,579,633,596,0,1,0,0,0,0
9,3.877,0,1.6,0,518,569,578,1,1,0,0,0,0
9,3.983,0,5.46,0,605,593,626,1,1,0,0,0,0
9,3.8,0,0.69,0,592,609,650,1,1,0,0,0,0
9,3.917,0,2.9,0,695,649,677,0,1,0,0,0,1
9,2.934,1,17.62,0,579,497,506,0,1,0,1,1,0
9,3.386,0,1.13,0,568,577,578,0,1,0,0,0,0
9,2.957,0,3.83,0,547,609,513,0,1,0,1,0,0
9,3.667,0,3.35,0,568,577,606,0,0,0,0,0,0
9,3.439,0,2.65,0,750,625,638,1,1,0,0,0,0
9,3.482,0,4.38,0,568,585,606,0,1,0,0,0,0
9,3.702,0,3.09,0,619,617,578,1,1,0,0,0,0
9,3.703,0,4.51,0,635,633,626,0,1,0,0,0,0
9,3.685,0,3.45,0,579,617,606,1,1,0,0,0,0
9,3.86,0,0.39,0,635,617,677,1,1,0,0,1,0
9,3.648,0,8.45,0,619,657,561,0,1,0,0,0,0
9,2.816,0,7.74,0,592,601,626,0,1,0,0,1,0
9,3.879,0,2.18,0,568,666,596,0,1,0,0,0,1
9,2.126,0,13.76,0,619,553,491,0,1,0,0,1,0
9,3.877,0,1.27,0,605,609,626,1,1,0,0,0,0
9,3.062,0,8.97,0,537,585,528,0,1,0,0,0,0
9,3.983,0,0.12,0,568,585,638,0,1,0,0,0,0
9,3.596,0,3.59,0,619,601,638,0,1,0,0,0,0
9,3.298,0,8.38,0,557,601,544,1,1,0,0,0,0
10,2.71,0,17.13,0,609,613,615,0,1,0,0,0,0
9,3.263,1,20.3,0,568,529,544,1,1,0,0,0,0
11,3.675,1,35.89,1,705,700,720,1,1,0,0,0,0
9,3.754,0,7.51,0,568,609,578,1,1,0,0,0,0
9,3.913,0,6.81,0,547,617,587,1,1,0,0,0,0
9,3.167,0,2.36,0,605,569,693,1,0,0,0,0,0
10,3.4,0,1.18,0,598,585,590,1,1,0,0,0,0
10,3.199,0,1.3,0,647,487,615,0,1,1,0,0,0
11,3.579,0,4.21,0,662,626,675,1,1,0,0,0,0
10,3.346,0,4.94,0,587,641,590,1,0,0,0,0,0
9,3.455,0,5.96,0,568,537,552,1,1,0,0,0,0
11,3.827,0,0.94,1,677,662,765,0,1,0,0,0,1
9,2.975,0,1.3,0,537,521,528,0,1,0,0,0,0
11,2.171,0,4.61,0,648,605,656,0,1,0,0,0,1
9,3.621,0,3.92,0,635,617,587,1,0,0,0,0,0
10,3.666,0,3.37,1,633,655,676,1,1,0,0,0,0
11,2.213,0,4.69,0,525,561,584,0,1,0,1,0,0
11,3.443,0,5.32,1,614,583,648,0,1,0,0,0,0
10,3.556,0,2.06,1,678,655,688,1,1,0,0,0,0
10,3.839,0,1.57,1,557,529,634,0,1,0,0,0,0
9,3.93,0,3.87,0,695,657,626,1,1,0,0,0,0
10,3.57,0,0.53,0,700,662,688,0,1,0,0,0,0
10,4,0,1.08,1,647,706,717,0,1,0,0,0,0
9,3.767,0,3.1,0,605,641,606,1,1,0,0,0,1
10,3.376,0,1.36,0,730,627,676,0,1,0,0,1,0
11,2.649,0,2.27,0,603,533,559,0,1,0,1,0,0
11,3.509,0,1.58,1,603,648,648,1,1,0,0,0,0
9,4,0,1.24,1,635,675,711,1,1,0,0,0,1
10,3.903,0,5.6,1,633,578,615,1,1,0,0,0,0
11,3.387,0,15.35,1,677,677,656,1,1,0,1,0,0
10,2.967,0,4.94,1,577,578,582,0,1,0,0,0,0
10,3.389,0,10.35,1,567,662,574,1,1,0,0,0,0
9,3.219,0,10.01,0,579,633,650,0,1,0,0,0,0
9,3.184,0,7.77,0,605,529,578,0,1,0,0,0,0
9,3.491,0,14.12,0,619,593,693,0,1,0,0,0,0
10,3.012,0,4.11,0,598,550,654,1,1,0,0,1,0
10,2.914,0,1.92,1,577,564,574,1,1,0,0,0,0
9,4,0,2.32,0,592,666,650,1,0,0,0,0,0
8,3.898,0,1.08,0,589,579,641,0,1,0,0,0,0
9,2.956,0,7.26,0,509,569,552,1,1,0,0,0,0
10,3.466,0,4.09,1,587,620,615,1,1,0,0,0,0
10,3.269,0,1.01,1,567,613,644,0,1,0,0,0,0
8,3.898,0,0,1,601,625,695,0,1,0,0,0,1
10,3.981,0,0.1,1,621,655,717,1,0,0,0,0,0
11,3.651,0,6.02,1,624,669,625,1,1,0,0,0,0
9,2.992,1,26.89,0,518,513,484,0,1,1,0,0,0
9,2.385,0,6.15,0,619,545,606,0,1,0,0,0,0
10,3.018,1,18.2,0,598,648,544,1,1,0,1,0,0
10,3.068,0,0.69,0,633,620,644,0,1,0,0,0,0
11,3.682,0,11.63,1,614,633,665,1,1,0,0,0,0
9,1.887,1,18.53,0,547,537,596,0,1,0,1,0,0
10,3.771,0,2.31,1,609,571,702,0,1,0,0,0,0
9,3.93,0,1.58,0,579,641,626,1,1,0,0,0,0
11,3.954,0,14.03,1,705,648,765,1,1,0,0,0,0
10,2.731,0,3.52,0,609,634,552,1,1,0,0,0,0
11,3.028,0,5.08,1,614,662,640,0,1,0,0,0,0
11,3.622,0,12.33,1,603,655,648,1,1,0,0,0,0
11,2.451,0,13.5,1,566,554,597,1,1,0,0,0,0
10,4,0,0.71,1,730,692,676,1,1,0,0,0,1
11,2.77,0,0.58,0,624,554,584,0,1,0,0,0,0
11,2.67,0,5.75,1,584,597,625,0,1,0,0,0,0
10,3.237,0,1.13,0,621,585,634,0,1,0,0,0,0
10,3.979,0,11.79,1,678,655,735,1,1,0,0,0,1
10,2.925,0,3.99,0,567,564,567,1,1,0,0,0,0
10,3.052,0,11.54,0,548,550,574,0,1,0,0,0,0
9,2.141,0,0.52,0,518,561,521,0,1,0,0,1,0
9,4,0,1.3,0,592,609,693,0,1,0,0,0,0
10,2.925,0,8.83,0,609,585,537,0,1,0,0,0,0
10,3.204,0,7.22,0,598,592,567,1,1,0,0,1,1
9,3.097,0,8.02,0,592,593,677,0,1,0,0,0,0
11,3.705,0,6.53,1,593,655,690,0,1,0,0,0,0
11,3.533,0,0.48,1,614,641,640,1,1,0,0,0,0
11,3.879,0,0.34,1,648,677,740,0,1,0,0,0,0
10,3.567,0,6.72,0,621,599,624,1,1,0,0,0,0
9,3.562,0,3.54,0,568,585,650,0,1,0,0,0,0
9,3.684,0,1.17,0,605,617,606,1,1,0,0,0,0
10,3.026,1,17.99,0,598,543,552,1,0,0,0,0,0
11,2.025,0,4.47,0,624,633,571,1,1,0,0,0,0
11,3.951,0,14.99,1,662,700,765,1,1,0,0,0,0
9,3.785,0,9.28,0,579,617,638,1,1,0,0,0,1
9,2.245,0,8.19,0,547,553,552,0,1,0,0,0,0
9,3.464,0,5.49,0,527,513,596,0,1,0,0,0,0
10,2.943,0,8.03,0,539,592,530,1,1,0,0,0,0
10,3.941,0,4.43,0,621,627,676,1,0,0,0,0,0
11,2.833,0,11.37,1,636,576,571,0,1,0,0,0,0
9,2.475,0,0.52,0,458,513,569,0,1,1,0,0,0
9,2.316,0,10.39,0,518,537,552,0,1,0,0,0,0
11,3.209,0,7.24,1,636,641,690,0,1,0,0,0,0
9,3.535,0,0.19,0,695,577,677,0,1,0,0,0,0
9,4,0,2.53,0,660,641,677,1,1,0,0,0,1
9,2.622,0,5.48,0,579,641,536,1,1,0,0,0,0
8,4,0,0.12,0,615,678,677,1,0,0,0,0,1
10,3.741,0,3.56,1,633,680,702,1,0,0,0,0,0
10,3.621,0,3,1,587,641,582,1,1,0,0,0,0
11,3.799,0,11.29,1,800,691,656,1,1,0,0,0,0
10,3.742,0,15.7,0,621,648,607,0,1,0,0,0,0
9,3.386,0,2,0,568,593,467,1,1,0,0,0,0
10,3.603,0,0.46,0,522,599,567,0,1,0,0,0,1
9,3.982,0,5.65,0,635,657,616,0,1,0,0,0,0
10,4,0,0.18,1,700,706,780,0,1,0,0,0,1
10,2.893,0,1.63,0,513,543,537,1,1,0,1,0,0
9,3.817,0,6.11,0,592,601,638,0,1,0,0,0,0
9,3.193,0,8.06,0,518,521,467,0,1,0,0,1,0
10,3.543,0,0.98,1,730,655,717,0,1,0,0,0,0
10,3.548,0,4.24,0,633,648,607,1,1,0,0,0,0
9,3.737,0,3.82,0,605,561,626,1,1,0,0,0,0
9,3.632,0,2.81,0,568,569,616,1,1,0,0,0,0
10,3.722,0,7.21,1,661,655,644,1,1,0,0,0,0
10,4,0,3.14,1,567,655,607,1,1,0,0,0,0
10,3.521,0,0.26,1,621,634,582,0,1,0,0,0,0
9,3.983,0,5.3,0,619,641,677,1,1,0,0,0,1
9,3.263,0,0.03,0,660,657,616,0,1,0,1,0,0
10,3.798,0,1.02,0,598,557,516,0,1,1,0,1,0
9,1.297,1,41.63,0,619,593,587,0,1,0,1,1,0
9,3.772,0,3.94,0,592,609,693,0,1,0,0,0,0
9,3.56,0,2.24,0,579,553,596,1,1,0,0,0,0
9,3.606,0,1.91,0,635,585,606,1,1,0,0,0,0
9,3.743,0,3.71,0,635,585,596,1,1,0,0,0,0
9,3.947,0,7.09,0,660,666,638,1,1,0,0,0,0
9,2.316,0,1.71,0,547,481,478,0,0,1,0,0,0
9,3.192,0,10.56,0,592,695,662,0,1,0,0,1,1
9,3.166,0,7.53,0,660,537,638,0,1,0,0,0,0
11,3.504,0,2.33,1,677,669,675,1,1,0,0,0,0
9,3.737,0,4.01,0,635,649,638,1,1,0,0,0,0
10,3.438,0,2.66,0,464,459,530,0,1,1,0,1,0
11,2.023,0,3.73,0,614,605,603,0,0,0,0,0,0
11,3.148,0,0.89,1,584,669,610,0,1,0,0,0,0
9,3.263,0,0.5,0,605,545,578,0,1,0,0,0,0
9,2.64,1,27.8,0,547,593,561,0,1,0,0,0,0
10,2.972,0,8.68,0,609,550,654,0,1,0,0,0,0
9,3.773,0,9.22,0,557,585,638,0,0,0,0,0,0
10,2.488,0,1.86,0,587,529,598,0,1,0,0,0,0
9,3.983,0,3.32,0,635,609,616,1,1,0,0,0,0
8,3.897,0,0.12,0,615,598,677,0,0,0,0,0,1
10,3.204,0,9.59,0,633,655,676,1,1,0,0,0,0
11,2.301,0,7.32,0,533,619,559,1,1,0,0,0,0
11,3.275,0,4.12,1,662,633,720,0,1,0,0,1,0
10,3.619,0,0,0,577,592,582,1,1,0,0,0,0
10,2.456,0,12.21,0,633,620,590,1,1,0,0,0,0
10,2.492,0,2.62,0,621,585,598,0,1,0,0,1,0
11,2.825,0,9.37,1,677,677,740,1,1,0,0,0,1
9,3.737,0,3.27,0,579,585,569,1,1,0,0,0,0
11,3.856,0,0.17,1,677,700,765,1,1,0,0,0,0
9,3.913,0,5.28,0,750,685,662,1,1,0,0,0,1
11,2.909,0,0,0,614,619,590,0,0,0,0,0,0
11,3.826,0,9.74,1,705,662,765,0,1,0,0,0,0
11,2.811,0,6.05,0,677,655,640,1,1,0,0,0,0
10,3.892,0,2.93,1,567,620,634,1,1,0,0,0,0
10,2.678,0,6.34,0,530,592,544,1,1,0,0,0,0
9,3.634,0,8.36,0,605,641,626,0,1,0,0,0,0
9,3.432,0,1.37,0,605,617,578,0,1,0,0,0,0
11,2.948,0,12.32,1,662,619,690,0,1,0,0,0,0
10,3.605,0,11.57,0,598,662,654,1,1,0,0,0,0
10,1.912,0,9.15,0,567,557,516,0,1,0,0,0,0
10,3.376,0,8.88,1,598,592,615,1,1,0,0,0,0
11,2.168,1,22.73,0,502,597,542,1,1,0,0,1,0
9,1.929,0,5.23,0,557,529,561,1,1,0,0,0,0
9,2.873,1,18.67,0,635,601,606,0,1,0,0,0,0
11,2.801,1,24.24,1,603,612,625,0,1,0,0,0,0
9,2.883,0,2.01,0,417,473,446,1,1,1,0,0,0
10,2.865,0,1.67,0,609,571,544,0,1,0,0,0,0
10,3.275,0,3.2,1,647,613,559,1,1,0,0,0,0
10,3.204,0,2.91,0,548,585,559,0,1,0,0,0,0
9,2.077,0,11.45,0,592,529,552,0,1,0,0,0,0
10,3.689,0,2.38,1,587,627,590,1,1,0,0,0,0
9,3.561,0,5.34,0,579,585,626,1,1,0,0,0,0
9,3.263,0,1.93,0,547,601,578,1,1,0,1,0,0
9,2.948,0,4.65,0,500,521,569,0,0,0,0,1,0
11,2.555,0,1.5,1,558,547,548,0,1,0,0,0,0
11,3.179,0,1.8,1,593,691,665,1,1,0,0,0,0
10,3.578,0,1.83,1,577,620,664,1,1,0,0,0,0
10,3.538,0,5.92,1,609,592,574,1,1,0,0,0,0
10,3.581,0,5.7,1,647,648,688,1,1,0,0,0,0
10,3.527,0,1.97,1,557,557,624,0,1,0,0,0,0
9,4,0,4.18,0,592,617,606,1,1,0,0,0,0
10,3.445,0,11.65,0,598,599,644,1,1,0,0,0,0
10,2.812,0,2.5,0,587,606,598,0,1,0,0,0,0
10,3.635,0,2.78,0,557,585,559,1,1,0,0,0,0
9,2.834,0,4.68,0,537,505,569,0,1,0,0,0,0
9,3.632,0,2.16,0,568,617,578,1,1,0,0,0,0
9,3.718,0,8.89,0,695,617,693,0,0,0,0,0,0
11,3.288,0,2.38,1,624,605,656,0,1,0,0,0,0
10,1.888,0,7.99,0,505,480,523,0,1,0,0,0,0
11,3.307,0,4.31,1,624,641,610,1,1,0,0,0,0
10,3.54,0,0,0,587,599,664,1,1,0,0,0,0
9,3.742,0,0.18,0,547,593,638,0,1,0,0,0,0
10,3.854,0,5.67,0,621,648,607,1,1,0,0,0,0
10,3.941,0,5.32,1,730,758,752,0,1,0,0,0,1
11,3.718,0,9.7,1,705,669,720,0,1,0,0,1,1
10,3.873,0,4.03,0,488,494,496,1,1,1,0,1,0
10,3.586,0,7.59,1,661,634,654,1,0,0,0,0,0
11,3.815,0,6.92,1,662,648,740,0,0,0,0,0,0
10,3.656,0,5.03,0,661,613,615,0,1,0,0,0,0
8,3.538,0,0,0,556,559,641,0,1,0,0,0,1
11,3.269,0,0.89,1,603,583,690,0,0,0,0,0,0
11,3.118,0,7.26,1,603,633,640,1,1,0,0,0,0
10,3.91,0,3.4,1,661,692,735,1,0,0,0,0,0
9,4,0,3.53,1,660,657,750,1,0,0,0,0,1
10,3.931,0,0.06,1,647,627,702,0,0,0,0,0,0
10,3.931,0,0.06,1,678,692,644,0,0,0,0,0,0
11,3.985,0,5.39,1,636,662,800,0,1,0,0,0,0
11,2.752,0,7.72,0,636,633,625,1,1,0,0,0,0
9,3.667,0,0,0,635,666,677,0,1,0,0,0,0
9,3.307,0,1.24,0,482,601,528,1,0,0,0,1,0
11,3.437,0,14.79,1,624,641,640,0,1,0,0,0,0
10,3.839,0,2.19,1,700,662,688,1,1,0,0,0,1
9,3.544,0,0.67,0,660,569,616,0,1,0,0,0,0
9,3.562,0,0.33,0,605,593,616,0,1,0,0,0,0
11,3.833,0,0.1,1,677,691,740,0,1,0,0,0,0
9,2.641,0,10.39,0,579,593,544,0,1,0,0,1,0
9,3.447,0,1.13,0,579,633,638,1,1,0,0,0,0
11,2.584,1,22.27,0,624,576,648,1,1,0,0,0,0
10,2.581,0,0,0,587,641,590,0,0,0,0,0,0
11,2.96,0,9.94,0,614,626,571,1,1,0,0,0,0
11,3.314,0,6.86,1,541,612,610,0,1,0,0,0,0
9,3.202,0,8.36,0,547,561,544,0,1,0,0,0,0
10,3.98,0,1.1,1,700,758,676,0,0,0,0,0,0
11,3.095,0,5.16,1,614,669,632,0,1,0,0,0,0
11,3.52,0,16.84,1,636,619,708,1,1,0,0,0,0
9,3.702,0,5.8,0,592,617,711,0,1,0,0,0,0
11,3.965,0,3.94,1,800,725,720,0,0,0,0,0,0
10,3.037,0,1.78,1,661,655,717,0,0,0,0,0,0
10,3.156,0,6.71,0,621,599,582,1,1,0,0,0,0
10,3.237,0,4.2,0,633,634,615,1,1,0,0,0,0
10,3.427,0,6.74,0,678,670,717,1,1,0,0,0,1
9,2.781,1,17.87,0,458,545,587,1,1,0,0,0,0
11,3.879,0,16.68,1,800,691,765,1,1,0,0,0,1
10,2.92,0,0.19,0,621,620,582,0,0,0,0,0,0
11,3.087,0,0.05,1,575,583,665,0,1,0,0,0,0
9,3.702,0,1.01,0,635,617,638,0,1,0,0,0,0
11,2.15,0,0,0,593,583,578,0,1,0,1,0,0
10,3,0,9.93,0,557,536,552,0,0,0,0,1,0
11,2.325,0,14.81,1,648,626,571,1,0,0,0,0,0
10,3.097,0,1.56,0,522,447,509,1,1,1,0,0,0
10,3.638,0,6.97,1,678,627,702,0,1,0,0,0,0
10,3.886,0,3.81,0,647,648,752,1,1,0,0,0,0
9,4,0,0.46,0,695,685,662,1,0,0,0,0,1
9,3.385,0,3.06,0,568,569,561,0,1,0,0,0,0
11,3.62,0,1.66,0,745,662,765,0,1,0,0,1,0
9,3.702,0,3.58,0,660,593,596,1,1,0,0,0,0
11,3.958,0,1.84,1,677,725,800,1,0,0,0,0,0
9,3.682,0,8.27,0,660,641,711,0,0,0,0,0,1
10,3.032,0,6.61,0,587,620,537,1,1,0,0,0,0
9,3.984,0,8.98,0,635,617,650,0,1,0,0,0,0
9,3.389,0,0.13,0,592,569,587,1,0,0,0,0,0
10,3.774,0,0,1,633,606,615,1,0,0,0,0,0
9,2.43,0,3.8,0,579,561,544,0,0,0,0,0,0
11,3.992,0,3.29,1,662,691,800,1,1,0,0,0,0
11,3.923,0,4.09,1,677,758,665,1,1,0,0,0,0
10,3.979,0,0.93,1,647,655,735,1,0,0,0,1,0
9,3.738,0,12.17,0,605,617,616,0,1,0,0,0,0
10,3.979,0,10.13,1,661,655,702,1,1,0,0,0,0
11,3.391,0,5.59,1,648,655,765,0,1,0,0,0,0
9,3.667,0,1.36,0,592,625,596,1,0,0,0,0,0
9,3.491,0,6.81,0,579,625,606,1,1,0,0,0,0
11,3.807,0,0.45,1,662,648,632,1,1,0,0,0,0
9,3.628,0,4.83,0,635,601,638,0,1,0,0,0,0
10,2.242,0,5.66,0,609,564,624,0,1,0,0,1,0
9,3.632,0,14.16,0,660,585,662,0,1,0,0,0,0
10,3.807,0,1.97,0,609,585,552,1,0,0,0,1,0
11,4,0,3.95,1,800,662,708,0,1,0,0,0,0
11,3.572,0,1.01,1,624,569,675,0,1,0,0,0,0
11,2.577,0,9.9,0,502,641,597,0,1,0,0,0,0
10,3.294,0,1.78,1,661,634,676,0,1,0,0,0,0
9,3.561,0,5.55,0,635,609,626,0,1,0,0,0,0
11,3.174,0,9.18,1,603,626,656,1,1,0,0,0,0
11,2.882,0,2.36,0,603,677,632,0,0,0,0,0,0
9,3.284,0,5.5,0,579,585,596,0,1,0,0,0,0
9,3.308,0,6.57,0,660,577,536,1,1,0,0,0,0
11,3.024,0,0.19,1,558,504,625,0,0,1,0,0,0
9,3.071,0,16.52,0,619,569,561,1,1,0,0,0,0
9,3.844,0,11.41,0,605,625,650,1,1,0,0,0,0
9,3.655,0,2.02,0,619,601,616,0,1,0,0,0,0
9,3.833,0,3.17,0,660,601,626,1,1,0,0,0,0
11,3.866,0,1.14,1,636,700,708,0,0,0,0,0,0
10,2.86,0,6.38,0,598,571,574,0,1,0,0,0,0
9,2.115,0,9.84,0,619,585,578,0,1,0,0,0,0
9,3.719,0,7.34,0,568,545,596,1,1,0,0,0,0
11,3.853,0,5.94,1,677,684,765,0,0,0,0,0,0
11,3.117,0,0.25,1,480,576,554,0,1,0,0,0,0
9,3.447,0,7.88,0,619,609,606,0,1,0,0,0,0
8,3.822,0,0.72,0,640,585,606,0,1,0,0,0,1
11,3.136,0,1.14,1,624,583,590,0,1,0,0,0,0
10,3.429,0,1.78,0,567,585,598,1,1,0,0,0,0
11,2.199,0,8.17,0,636,569,565,1,1,0,0,0,0
11,3.703,0,1.78,1,745,684,765,0,1,0,0,0,0
10,3.57,0,0.54,0,567,592,676,0,1,0,0,0,0
10,2.933,0,0.12,0,557,550,559,0,1,0,0,0,0
11,2.764,0,10.42,1,575,605,656,0,0,0,0,0,0
9,3.666,0,2.44,0,605,585,616,1,1,0,0,1,0
11,3.542,0,0.36,1,525,612,640,1,0,0,0,0,0
9,4,0,4.27,1,660,641,638,0,1,0,0,0,0
9,3.623,0,7.36,0,537,489,528,1,1,0,0,0,0
9,3.482,0,0,0,527,481,536,1,1,1,0,0,0
10,3.221,0,6.15,1,539,634,598,1,1,0,0,0,0
10,2.135,0,4.5,0,621,550,516,0,0,0,0,0,0
9,1.808,0,12.51,0,527,505,544,0,0,0,0,1,0
10,2.656,0,1.41,0,598,578,537,1,1,0,0,0,0
9,3.566,0,11.25,0,527,489,650,1,1,1,0,1,0
9,4,0,5,0,635,641,626,1,1,0,0,0,0
11,2.78,0,8.78,0,662,554,690,0,1,0,0,1,0
9,3.159,0,2.21,0,592,561,638,1,1,0,0,1,0
9,3.632,0,7.17,0,579,609,596,1,0,0,0,0,0
11,3.902,0,0,1,705,691,740,1,1,0,0,0,0
11,3.918,0,5.93,1,800,626,765,0,1,0,0,0,0
8,3.956,0,0.12,0,615,660,677,0,0,0,0,0,1
10,3.167,0,9.16,0,621,550,523,0,1,0,0,0,0
11,4,0,2.61,1,745,677,800,0,1,0,0,0,0
11,2.364,0,4.5,1,636,633,656,0,1,0,0,0,0
9,1.583,1,24.42,0,417,428,457,0,1,1,0,1,0
11,3.94,0,3.8,1,624,691,765,0,0,0,0,0,0
9,3.983,0,2.06,0,635,649,662,1,1,0,0,0,1
10,3.167,0,6.49,0,598,606,654,1,1,0,0,0,0
9,3.105,0,12.01,0,547,505,544,1,1,1,0,1,0
9,2.561,0,6.29,0,557,553,638,0,1,0,0,1,0
9,3.834,0,0,1,579,641,606,0,0,0,0,0,0
10,3.803,0,12.33,0,496,440,530,0,1,1,0,0,0
10,2.997,0,1.39,0,598,543,598,0,1,0,0,0,0
10,3.635,0,0.89,0,633,662,615,1,1,0,0,0,1
10,2.405,0,11.47,0,530,613,537,1,0,0,0,0,0
10,2.408,0,12.9,0,621,634,598,0,0,0,0,0,0
10,3.152,0,0.12,0,609,634,615,0,0,0,0,0,0
9,3.561,0,3.01,0,557,585,677,0,1,0,0,0,0
9,3.684,0,0.98,0,619,633,578,1,0,0,0,0,0
9,3.001,0,3.18,0,592,537,552,1,1,0,0,0,0
9,3.754,0,5.28,0,592,625,638,1,1,0,0,0,0
9,2.209,1,18.12,0,518,489,457,0,1,1,0,0,0
10,1.876,0,4.98,0,598,501,530,0,1,0,0,1,0
10,2.042,0,4.45,0,587,599,634,0,1,0,0,1,0
11,3.532,0,8.11,1,636,669,690,1,1,0,0,0,0
11,2.914,0,6.29,1,525,480,519,0,1,0,0,0,0
10,2.985,0,1.81,0,530,564,567,1,1,0,0,0,0
9,3.031,0,5.71,0,592,593,484,1,0,1,0,0,0
11,4,0,3.53,1,705,700,800,1,1,0,0,0,0
11,3.776,0,1.01,1,614,669,690,1,0,0,0,0,0
9,3.245,0,6.44,0,537,529,561,0,1,0,1,0,0
10,3.347,0,6.08,1,633,634,552,1,1,0,0,0,0
10,2.776,0,1.81,0,587,599,559,0,0,0,0,0,0
11,3.015,1,19.64,1,677,619,675,1,1,0,0,0,0
11,3.075,0,10.95,1,502,605,665,1,1,0,0,0,0
11,2.342,0,6.62,1,648,662,610,0,1,0,0,0,0
10,3.883,0,5.25,0,587,599,624,1,1,0,0,0,0
10,2.4,0,8.69,0,609,550,567,0,1,0,1,0,0
9,2.606,0,4.02,0,547,609,513,1,1,0,0,0,0
9,2.289,0,2.17,0,474,505,498,0,0,0,0,1,0
11,3.23,0,0.77,1,593,633,690,0,1,0,0,0,0
11,3.809,0,0.16,1,636,662,690,1,1,0,0,0,0
11,2.516,0,5.66,0,541,554,571,0,1,0,0,1,0
11,3.291,0,1.61,1,662,684,648,1,1,0,0,0,0
9,3.843,0,3.55,0,605,617,561,1,0,0,0,1,0
9,2.843,0,6.15,0,518,577,587,0,1,0,0,1,0
10,2.432,1,31,0,557,508,476,0,1,1,0,1,0
11,3.957,0,1.08,1,745,712,708,1,0,0,0,0,0
10,2.848,0,14.3,1,609,557,590,0,1,0,0,0,0
11,3.054,0,4.21,1,584,648,565,0,1,0,0,0,0
9,3.754,0,14.97,0,750,633,606,1,1,0,0,0,0
9,2.851,0,2.39,0,537,545,544,1,1,0,0,0,0
9,3.377,0,0,0,482,553,491,1,1,1,0,1,0
9,3.025,0,4.94,0,605,569,587,0,1,0,0,0,0
11,3.651,0,12.57,1,648,619,597,0,1,0,0,0,0
10,3.524,0,1.96,0,621,599,624,1,1,0,0,0,0
11,4,0,8.77,1,662,691,765,0,0,0,0,0,0
10,2.996,0,5.98,0,567,564,537,1,1,1,0,0,0
9,3.034,0,3.88,0,619,625,569,1,1,0,0,1,0
10,3.638,0,2.52,1,633,692,664,0,1,0,0,0,0
11,3.513,0,3.69,1,662,655,625,1,1,0,0,0,0
10,2.956,0,5.69,0,609,585,559,1,1,0,0,0,0
9,4,0,3.72,1,660,641,677,0,1,0,0,0,0
10,2.964,1,20.12,0,587,508,615,0,1,1,0,1,0
9,3.229,0,15.53,0,527,529,606,0,1,0,0,1,0
11,3.624,0,3.68,1,677,655,675,1,0,0,1,0,0
9,3.701,0,0.89,0,592,601,569,1,0,0,0,1,0
10,2.935,0,7.08,1,472,578,502,0,1,0,0,0,0
11,3.238,0,0.89,1,558,641,632,0,1,0,0,0,0
9,3.784,0,3.56,0,605,593,650,0,1,0,0,0,0
11,3.985,0,0,0,745,669,765,1,1,0,0,0,0
10,4,0,4.19,1,609,692,624,1,1,0,0,0,0
10,3.94,0,7.49,1,621,634,607,1,0,0,0,0,1
9,3.579,0,6.8,0,557,577,626,1,1,0,0,0,0
9,3.518,0,0.61,0,635,577,578,0,1,0,1,0,0
11,3.558,0,5.98,1,745,700,640,1,1,0,0,0,1
9,3.368,0,12.98,0,557,505,491,1,1,1,0,0,0
9,3.368,0,9.62,0,557,497,478,0,1,0,0,0,0
10,3.712,0,3.1,1,661,655,664,0,1,0,0,0,0
10,3.667,0,1.5,0,633,627,624,1,1,0,0,0,0
10,3.794,0,2.88,1,633,692,688,0,0,0,0,0,0
9,3.93,0,1.19,0,660,617,650,1,0,0,0,0,0
9,3.21,0,6.75,0,579,633,578,0,1,0,0,0,0
9,3.105,0,2.88,0,660,657,626,0,1,0,0,0,0
9,3.534,0,11.21,0,557,537,596,0,1,0,0,0,0
10,2.614,1,18.08,0,633,599,590,0,1,0,0,1,0
10,3.283,0,7.05,1,633,585,559,0,1,0,0,0,0
10,3.353,0,14.96,0,587,606,598,1,1,0,0,1,0
10,2.677,0,12.36,0,567,592,607,0,1,0,0,0,0
10,3.893,0,3.08,1,700,680,735,1,1,0,0,0,0
10,2.949,0,7.4,0,661,634,634,0,1,0,0,0,0
9,1.922,0,17.12,0,547,545,596,0,1,0,0,0,0
9,4,0,2.36,0,579,585,662,0,1,0,0,0,0
10,3.027,0,1.78,0,530,557,523,1,1,0,0,0,0
10,2.851,1,22.36,0,587,620,537,1,1,0,1,0,0
9,3.123,0,12,0,592,593,569,1,1,0,0,0,0
10,2.606,0,10.82,0,557,494,523,1,1,1,0,0,0
10,2.467,0,1.5,0,587,585,574,0,1,0,0,0,0
11,3.985,0,9.59,1,624,691,740,0,1,0,0,0,0
10,3.564,0,0.84,0,678,670,634,0,1,0,0,0,0
9,2.562,0,10.66,0,557,593,587,1,1,0,0,0,0
11,2.576,0,11.5,0,636,633,571,1,1,0,0,0,0
11,3.31,1,27.5,0,593,605,536,1,1,0,0,1,0
9,3.206,0,0.75,0,579,617,596,0,1,0,1,0,0
11,2.9,0,7.35,1,624,612,625,0,1,0,1,0,0
11,3.397,0,0.77,1,745,597,625,0,1,0,0,0,0
11,2.721,0,0.12,1,624,691,632,0,1,0,0,0,0
9,2.842,0,14.43,0,509,537,506,1,1,0,0,0,0
10,2.975,0,7.86,0,621,571,598,0,0,0,0,0,0
11,3.611,0,0,1,517,525,625,0,0,0,0,0,0
9,3.824,0,4.98,0,592,593,626,0,0,0,0,0,0
10,3.172,0,4.92,0,577,550,544,0,1,1,0,1,0
11,3.971,0,4.47,1,662,740,740,0,1,0,0,0,0
11,3.628,0,0.49,1,636,626,675,1,1,0,0,0,0
10,2.989,0,0,0,621,648,664,0,1,0,0,0,0
11,1.824,0,8.71,0,648,626,603,1,1,0,1,0,0
10,3.678,0,0,1,598,599,574,1,0,0,0,0,0
10,3.192,0,9.76,0,730,706,598,1,1,0,0,0,1
11,2.739,0,2.67,1,558,605,640,1,0,0,0,0,0
10,2.706,0,10.61,0,557,515,559,0,1,0,1,0,0
9,3.948,0,5.39,0,619,617,552,1,1,0,0,0,0
9,4,0,0.6,0,619,641,711,1,1,0,0,0,1
11,3.68,0,1.64,1,662,677,765,0,0,0,0,0,0
9,3.91,0,0.29,0,605,609,596,1,0,0,0,0,1
9,3.734,0,4.49,0,592,633,638,1,1,0,0,0,0
10,3.322,0,2.79,0,621,627,544,0,1,0,0,0,1
10,3.376,0,5.82,1,700,648,688,1,1,0,0,0,0
11,3.637,0,4.62,1,624,633,720,0,1,1,0,0,0
11,2.647,0,12.02,0,614,648,640,0,1,0,0,0,0
10,3.537,0,6.47,0,661,648,537,1,1,0,0,0,0
9,3.368,0,6.79,0,605,577,569,0,0,0,0,1,0
11,3.244,0,1.63,1,614,547,617,0,0,0,0,0,0
10,3.24,0,2.38,0,587,634,590,1,1,0,0,0,0
9,3.325,0,0,0,537,537,662,0,1,0,1,0,1
10,3.689,0,1.66,0,661,648,607,1,1,0,0,0,0
9,3.983,0,2.08,0,750,666,662,1,1,0,0,0,0
11,2.876,0,5.41,1,584,641,610,1,1,0,0,0,0
9,3.711,0,9.32,0,592,657,626,0,1,0,0,0,0
9,3.375,0,0.09,0,605,585,677,0,1,0,0,0,0
9,4,0,14.62,0,605,657,626,1,1,0,0,1,0
10,2.778,1,18.24,0,522,606,567,1,1,0,0,0,0
10,3.161,0,3.37,1,633,592,634,0,1,0,0,0,0
10,3.073,0,4.1,0,633,648,664,1,0,0,0,0,0
11,3.29,0,13.53,1,662,669,632,1,1,0,0,0,0
9,1.792,0,10.45,0,579,553,552,0,1,0,0,1,0
9,3.719,0,1.41,0,619,609,606,0,1,0,0,0,0
11,2.725,0,16.1,1,541,597,656,1,0,0,0,1,0
10,2.48,0,10.99,0,557,550,509,1,1,1,0,1,0
10,3.191,0,9.34,0,522,564,516,1,0,0,0,0,0
11,2.38,0,8.95,0,636,583,584,0,0,0,0,0,0
10,3.153,0,2.55,0,548,557,559,0,1,0,1,0,0
8,4,0,0.12,0,538,605,641,0,0,0,0,0,1
11,3.889,0,4.09,1,745,740,740,1,1,0,0,0,0
9,3.867,0,4.57,1,579,569,596,1,1,0,0,0,0
11,2.881,0,2.17,0,593,641,578,1,1,0,0,0,0
9,2.553,0,6.09,0,605,553,552,0,1,0,0,0,0
9,2.642,0,4.98,0,518,481,484,1,0,0,0,0,0
10,3.288,0,2.79,0,567,515,496,0,0,1,0,0,0
11,3.357,0,4.09,1,648,691,603,1,1,0,0,0,0
11,2.964,0,2.89,1,541,561,565,0,0,0,0,0,0
11,3.222,0,9.16,1,593,619,617,0,1,0,0,0,0
9,3.56,0,5.37,0,695,577,638,0,1,1,0,0,0
9,3.001,0,7.27,0,537,545,491,1,0,0,0,1,0
9,3.027,0,3.77,0,547,529,596,1,1,0,0,1,0
9,3.42,0,4.15,0,557,601,587,0,1,0,0,0,0
10,3.108,0,5.43,0,587,606,582,1,0,0,0,0,0
10,3.162,0,6.38,0,647,627,590,0,1,0,1,0,0
10,3.98,0,3.86,1,647,692,676,1,1,0,0,0,0
10,3.376,0,6.16,0,587,599,624,1,1,0,0,0,0
9,3.567,0,15.39,0,605,569,578,1,1,0,0,0,0
10,3.624,0,10.07,0,647,648,676,0,1,0,0,0,0
11,3.183,0,2.96,1,614,641,720,1,0,0,0,0,0
11,3.226,0,14.44,1,566,605,597,1,1,0,0,0,0
10,3.338,0,10.79,1,661,627,644,0,1,0,0,0,0
10,2.871,0,3,1,587,670,582,0,1,0,0,0,0
11,3.854,0,3.14,1,677,669,740,1,1,0,0,0,0
9,3.386,0,5.55,0,579,593,606,1,1,0,0,0,0
11,1.86,0,10.05,1,603,518,536,1,0,0,0,0,0
9,3.56,0,1.63,0,605,521,616,0,1,0,0,0,0
11,3.839,0,0.43,1,677,725,720,0,1,0,0,0,0
10,3.59,0,0,0,633,613,607,0,1,0,0,0,0
9,2.667,0,9.87,0,527,561,478,1,1,1,0,1,0
10,3.44,0,4.14,0,488,444,489,1,1,1,0,0,0
9,3.412,0,5.15,0,605,513,561,0,1,0,0,0,0
9,3.632,0,10.78,0,579,577,626,0,1,0,0,1,0
9,3.491,0,8.91,0,579,617,638,0,1,0,0,0,0
10,2.687,0,9.22,0,577,501,544,1,1,0,1,0,0
9,3.7,0,0.98,0,579,585,626,1,0,0,0,0,0
11,3.879,0,0.22,1,624,700,800,1,0,0,0,0,0
10,2.339,1,24.94,0,598,599,523,1,1,0,0,1,0
10,1.401,0,7.57,0,539,543,502,0,1,0,0,0,0
9,3.596,0,14.77,0,635,649,596,0,1,0,0,0,0
10,3.602,0,8.12,0,609,627,644,1,0,0,0,0,0
9,3.571,0,0.85,0,557,529,528,0,0,0,0,0,0
11,3.98,0,1.01,1,745,655,690,0,0,0,0,0,0
10,3.483,0,4.74,0,587,648,615,0,1,0,0,0,0
11,1.47,0,15.17,0,677,590,548,1,1,1,0,1,0
9,2.438,0,4.54,0,579,537,544,1,1,0,0,1,0
10,2.308,0,6.34,0,548,550,509,1,0,0,0,0,0
8,3.051,0,0.72,0,566,598,614,0,0,0,0,0,0
11,3.573,0,1.5,1,603,619,597,1,1,0,0,0,0
10,1.917,0,4.78,0,488,501,456,1,0,0,0,0,0
9,1.886,0,4.82,0,557,553,491,1,1,0,0,0,0
10,3.709,0,4.54,0,700,662,634,1,1,0,0,1,0
11,2.764,0,3.05,1,603,641,531,1,1,0,0,1,0
9,3.491,0,14.82,0,635,675,638,1,1,0,0,0,0
9,4,0,4.09,0,695,649,650,0,1,0,0,0,0
10,4,0,0.89,1,780,648,780,0,1,0,0,0,0
10,3.74,0,0.05,0,678,634,688,0,1,0,0,0,0
9,3.36,0,3.5,0,635,593,626,0,1,0,0,0,0
11,3.306,0,0.2,1,575,547,648,0,0,0,0,0,0
10,3.687,0,0.89,1,661,670,664,0,0,0,0,0,0
9,2.93,0,10.98,0,557,569,578,0,1,0,0,0,0
11,1.993,0,14.08,0,558,605,597,0,1,0,0,1,0
10,1.339,0,13.31,0,577,592,530,0,1,0,0,1,0
10,1.658,0,6.35,0,522,550,509,1,1,0,0,0,0
11,3.685,0,0.61,1,566,605,740,0,0,0,0,0,0
9,2.001,0,6.2,0,579,569,638,0,1,0,0,0,0
9,3.667,0,7.82,0,660,617,693,0,1,0,0,0,0
10,3.794,0,3.1,1,633,680,676,0,0,0,0,0,0
10,3.302,0,7.29,1,587,585,559,1,1,0,0,0,0
9,3.283,0,6.36,0,605,625,561,1,1,0,0,0,0
11,3.674,0,4.91,1,593,626,665,1,1,0,0,0,0
11,1.972,0,7.43,0,603,590,597,0,0,0,0,0,0
9,2.57,0,2.53,0,527,553,596,0,1,0,0,0,0
11,3.705,0,7.8,1,603,641,648,1,1,0,1,1,0
11,3.509,0,10.64,1,648,669,648,0,1,0,0,0,0
9,2.205,0,10.91,0,605,585,561,1,1,0,0,1,0
9,3.629,0,10.88,0,660,585,596,0,1,0,0,1,0
11,2.896,1,18.1,0,648,648,665,0,1,0,0,1,0
10,3.822,0,7.88,0,598,585,567,1,1,0,0,0,0
11,3.403,0,11.57,1,558,605,571,1,1,0,0,1,0
11,2.965,0,3.21,1,624,633,597,0,1,1,0,0,0
11,1.978,1,15.34,0,558,540,519,0,1,0,0,1,0
10,2.405,0,3.87,0,678,578,615,0,0,0,0,0,0
9,3.501,0,2.34,0,537,569,578,1,1,0,0,1,0
9,2.957,0,0.98,0,527,513,561,1,0,0,0,0,0
11,3.822,0,0,1,677,633,665,0,1,0,0,1,0
10,3.194,0,1.9,0,633,613,624,0,1,0,0,1,0
9,1.174,1,33.62,0,568,521,498,0,1,1,0,0,0
9,2.361,0,3.27,0,537,545,528,0,1,0,1,0,0
11,3.31,0,4.62,1,648,605,656,0,1,0,0,0,0
9,1.409,1,28.14,0,474,0,462,0,0,0,0,1,0
10,1.628,1,21.67,0,505,522,496,0,0,1,0,1,0
10,3.507,1,29.85,0,647,613,634,0,1,0,0,0,0
11,3.937,0,1.15,1,648,655,665,1,0,0,0,1,0
11,3.667,0,11.97,1,662,605,656,1,1,0,0,0,0
9,3.666,0,17.57,0,579,537,544,1,1,0,0,0,0
11,2.366,1,16.39,0,510,484,514,0,0,0,0,1,0
9,2.727,1,9.55,0,518,569,552,1,1,0,0,0,0
10,2.733,0,2.94,0,488,585,502,1,0,0,0,0,0
11,3.754,0,2.37,0,705,677,800,0,1,0,0,0,0
10,1.218,1,3.75,0,488,442,523,0,1,0,0,0,0
10,1.218,1,11.39,0,488,442,523,0,1,0,0,0,0
